run_id,chan_id,num_train_values,num_test_values,n_predicted_anoms,normalized_pred_error,anom_scores,false_positives,false_negatives,true_positives,fp_sequences,tp_sequences,num_true_anoms,scores,spacecraft,anomaly_sequences,class
2022-11-24_09.35.13,P-1,2612,8245,2,0.08527431609969477,"[{'start_idx': 1887, 'end_idx': 2099, 'score': 1.9966879536921829}, {'start_idx': 4270, 'end_idx': 4339, 'score': 0.8891374031366192}, {'start_idx': 4340, 'end_idx': 4409, 'score': 0.8368684923625651}]",0,1,2,[],"[(2137, 2349), (4520, 4659)]",3,"[{'start_idx': 1887, 'end_idx': 2099, 'score': 1.9966879536921829}, {'start_idx': 4270, 'end_idx': 4339, 'score': 0.8891374031366192}, {'start_idx': 4340, 'end_idx': 4409, 'score': 0.8368684923625651}]",SMAP,"[[2149, 2349], [4536, 4844], [3539, 3779]]","[contextual, contextual, contextual]"
2022-11-24_09.35.13,S-1,2558,7071,1,0.18202190135745255,"[{'start_idx': 5040, 'end_idx': 5109, 'score': 2.065003358883196}, {'start_idx': 5110, 'end_idx': 5179, 'score': 7.039504387281811}, {'start_idx': 5180, 'end_idx': 5249, 'score': 7.83540434653747}, {'start_idx': 5250, 'end_idx': 5319, 'score': 7.6594465194192916}, {'start_idx': 5320, 'end_idx': 5385, 'score': 6.64222052011475}]",0,0,1,[],"[(5290, 5635)]",1,"[{'start_idx': 5040, 'end_idx': 5109, 'score': 2.065003358883196}, {'start_idx': 5110, 'end_idx': 5179, 'score': 7.039504387281811}, {'start_idx': 5180, 'end_idx': 5249, 'score': 7.83540434653747}, {'start_idx': 5250, 'end_idx': 5319, 'score': 7.6594465194192916}, {'start_idx': 5320, 'end_idx': 5385, 'score': 6.64222052011475}]",SMAP,"[[5300, 5747]]",[point]
2022-11-24_09.35.13,E-1,2620,8256,3,0.07583948759661713,"[{'start_idx': 1525, 'end_idx': 1749, 'score': 3.2819173700602717}, {'start_idx': 4760, 'end_idx': 4829, 'score': 7.469288427832616}, {'start_idx': 4830, 'end_idx': 4899, 'score': 5.590239934484699}, {'start_idx': 5320, 'end_idx': 5389, 'score': 6.706661071215642}, {'start_idx': 5390, 'end_idx': 5459, 'score': 8.934315418536126}, {'start_idx': 5460, 'end_idx': 5529, 'score': 9.071510190095271}, {'start_idx': 5530, 'end_idx': 5599, 'score': 8.891729713126217}, {'start_idx': 5600, 'end_idx': 5669, 'score': 8.602655870806423}, {'start_idx': 5670, 'end_idx': 5719, 'score': 6.995986309854646}]",1,0,2,"[[1775, 1999]]","[(5010, 5149), (5570, 5969)]",2,"[{'start_idx': 1525, 'end_idx': 1749, 'score': 3.2819173700602717}, {'start_idx': 4760, 'end_idx': 4829, 'score': 7.469288427832616}, {'start_idx': 4830, 'end_idx': 4899, 'score': 5.590239934484699}, {'start_idx': 5320, 'end_idx': 5389, 'score': 6.706661071215642}, {'start_idx': 5390, 'end_idx': 5459, 'score': 8.934315418536126}, {'start_idx': 5460, 'end_idx': 5529, 'score': 9.071510190095271}, {'start_idx': 5530, 'end_idx': 5599, 'score': 8.891729713126217}, {'start_idx': 5600, 'end_idx': 5669, 'score': 8.602655870806423}, {'start_idx': 5670, 'end_idx': 5719, 'score': 6.995986309854646}]",SMAP,"[[5000, 5030], [5610, 6086]]","[contextual, contextual]"
2022-11-24_09.35.13,E-2,2620,8272,2,0.07684892283283398,"[{'start_idx': 1465, 'end_idx': 1672, 'score': 3.106647240223135}, {'start_idx': 5390, 'end_idx': 5459, 'score': 6.9298358002180604}, {'start_idx': 5460, 'end_idx': 5529, 'score': 9.446568438533188}, {'start_idx': 5530, 'end_idx': 5599, 'score': 9.718870682132154}, {'start_idx': 5600, 'end_idx': 5669, 'score': 9.40357797050728}, {'start_idx': 5670, 'end_idx': 5739, 'score': 8.06743150607424}]",1,0,1,"[[1715, 1922]]","[(5640, 5989)]",1,"[{'start_idx': 1465, 'end_idx': 1672, 'score': 3.106647240223135}, {'start_idx': 5390, 'end_idx': 5459, 'score': 6.9298358002180604}, {'start_idx': 5460, 'end_idx': 5529, 'score': 9.446568438533188}, {'start_idx': 5530, 'end_idx': 5599, 'score': 9.718870682132154}, {'start_idx': 5600, 'end_idx': 5669, 'score': 9.40357797050728}, {'start_idx': 5670, 'end_idx': 5739, 'score': 8.06743150607424}]",SMAP,"[[5598, 6995]]",[point]
2022-11-24_09.35.13,E-3,2620,8047,1,0.017379849398581046,"[{'start_idx': 5320, 'end_idx': 5389, 'score': 4.980531249372301}, {'start_idx': 5390, 'end_idx': 5459, 'score': 5.243898132858514}, {'start_idx': 5460, 'end_idx': 5528, 'score': 3.775177170330503}]",0,0,1,[],"[(5570, 5778)]",1,"[{'start_idx': 5320, 'end_idx': 5389, 'score': 4.980531249372301}, {'start_idx': 5390, 'end_idx': 5459, 'score': 5.243898132858514}, {'start_idx': 5460, 'end_idx': 5528, 'score': 3.775177170330503}]",SMAP,"[[5094, 8306]]",[point]
2022-11-24_09.35.13,E-4,2620,8094,2,0.05118566921273826,"[{'start_idx': 5320, 'end_idx': 5389, 'score': 2.5836687339763977}, {'start_idx': 5390, 'end_idx': 5459, 'score': 2.519117088034601}, {'start_idx': 5460, 'end_idx': 5529, 'score': 1.0664555281034245}, {'start_idx': 5530, 'end_idx': 5599, 'score': 1.0613523073361393}, {'start_idx': 5600, 'end_idx': 5669, 'score': 1.056854242532431}, {'start_idx': 5670, 'end_idx': 5739, 'score': 1.1746758218339137}, {'start_idx': 5740, 'end_idx': 5809, 'score': 1.1039045571891206}, {'start_idx': 5810, 'end_idx': 5845, 'score': 0.9139026881260142}, {'start_idx': 5880, 'end_idx': 5949, 'score': 1.2632990392533303}, {'start_idx': 5950, 'end_idx': 6019, 'score': 1.2613317716495926}, {'start_idx': 6020, 'end_idx': 6089, 'score': 1.3116997927993521}, {'start_idx': 6090, 'end_idx': 6159, 'score': 0.9269366272098871}]",0,0,1,[],"[(5570, 6095), (6130, 6409)]",1,"[{'start_idx': 5320, 'end_idx': 5389, 'score': 2.5836687339763977}, {'start_idx': 5390, 'end_idx': 5459, 'score': 2.519117088034601}, {'start_idx': 5460, 'end_idx': 5529, 'score': 1.0664555281034245}, {'start_idx': 5530, 'end_idx': 5599, 'score': 1.0613523073361393}, {'start_idx': 5600, 'end_idx': 5669, 'score': 1.056854242532431}, {'start_idx': 5670, 'end_idx': 5739, 'score': 1.1746758218339137}, {'start_idx': 5740, 'end_idx': 5809, 'score': 1.1039045571891206}, {'start_idx': 5810, 'end_idx': 5845, 'score': 0.9139026881260142}, {'start_idx': 5880, 'end_idx': 5949, 'score': 1.2632990392533303}, {'start_idx': 5950, 'end_idx': 6019, 'score': 1.2613317716495926}, {'start_idx': 6020, 'end_idx': 6089, 'score': 1.3116997927993521}, {'start_idx': 6090, 'end_idx': 6159, 'score': 0.9269366272098871}]",SMAP,"[[5450, 8261]]",[point]
2022-11-24_09.35.13,E-5,2620,8034,1,0.0914517517067364,"[{'start_idx': 5320, 'end_idx': 5389, 'score': 4.461966671206009}, {'start_idx': 5390, 'end_idx': 5459, 'score': 4.328758268678462}]",0,0,1,[],"[(5570, 5709)]",1,"[{'start_idx': 5320, 'end_idx': 5389, 'score': 4.461966671206009}, {'start_idx': 5390, 'end_idx': 5459, 'score': 4.328758268678462}]",SMAP,"[[5600, 5920]]",[point]
2022-11-24_09.35.13,E-6,2620,8040,1,0.01815332802338648,"[{'start_idx': 5320, 'end_idx': 5389, 'score': 11.342879893599237}, {'start_idx': 5390, 'end_idx': 5459, 'score': 10.426488161724642}, {'start_idx': 5460, 'end_idx': 5529, 'score': 7.380751766594582}]",0,0,1,[],"[(5570, 5779)]",1,"[{'start_idx': 5320, 'end_idx': 5389, 'score': 11.342879893599237}, {'start_idx': 5390, 'end_idx': 5459, 'score': 10.426488161724642}, {'start_idx': 5460, 'end_idx': 5529, 'score': 7.380751766594582}]",SMAP,"[[5610, 5675]]",[point]
2022-11-24_09.35.13,E-7,2509,8050,1,0.017508322438458342,"[{'start_idx': 5180, 'end_idx': 5249, 'score': 11.442956515770822}, {'start_idx': 5250, 'end_idx': 5319, 'score': 9.821333929520389}, {'start_idx': 5320, 'end_idx': 5389, 'score': 10.346183489683737}, {'start_idx': 5390, 'end_idx': 5459, 'score': 9.73893937330656}, {'start_idx': 5460, 'end_idx': 5517, 'score': 7.636876384502239}]",0,0,1,[],"[(5430, 5767)]",1,"[{'start_idx': 5180, 'end_idx': 5249, 'score': 11.442956515770822}, {'start_idx': 5250, 'end_idx': 5319, 'score': 9.821333929520389}, {'start_idx': 5320, 'end_idx': 5389, 'score': 10.346183489683737}, {'start_idx': 5390, 'end_idx': 5459, 'score': 9.73893937330656}, {'start_idx': 5460, 'end_idx': 5517, 'score': 7.636876384502239}]",SMAP,"[[5394, 5674]]",[point]
2022-11-24_09.35.13,E-8,2620,8272,1,0.06153649754335338,"[{'start_idx': 5670, 'end_idx': 5739, 'score': 2.608870208449906}, {'start_idx': 5740, 'end_idx': 5809, 'score': 2.7081352303831907}, {'start_idx': 5810, 'end_idx': 5879, 'score': 2.917233670696575}]",0,0,1,[],"[(5920, 6129)]",1,"[{'start_idx': 5670, 'end_idx': 5739, 'score': 2.608870208449906}, {'start_idx': 5740, 'end_idx': 5809, 'score': 2.7081352303831907}, {'start_idx': 5810, 'end_idx': 5879, 'score': 2.917233670696575}]",SMAP,"[[5400, 6022]]",[point]
2022-11-24_09.35.13,E-9,2620,8042,1,0.057267374730381924,"[{'start_idx': 5460, 'end_idx': 5529, 'score': 0.9241777651847067}, {'start_idx': 5530, 'end_idx': 5599, 'score': 2.7097691457996276}, {'start_idx': 5600, 'end_idx': 5669, 'score': 2.8810878890953426}]",0,0,1,[],"[(5710, 5919)]",1,"[{'start_idx': 5460, 'end_idx': 5529, 'score': 0.9241777651847067}, {'start_idx': 5530, 'end_idx': 5599, 'score': 2.7097691457996276}, {'start_idx': 5600, 'end_idx': 5669, 'score': 2.8810878890953426}]",SMAP,"[[5550, 5900]]",[point]
2022-11-24_09.35.13,E-10,2620,8245,3,0.08997855484320115,"[{'start_idx': 1511, 'end_idx': 1751, 'score': 2.6831058679624564}, {'start_idx': 4760, 'end_idx': 4829, 'score': 5.703400997458732}, {'start_idx': 4830, 'end_idx': 4899, 'score': 4.45523519491704}, {'start_idx': 5320, 'end_idx': 5389, 'score': 6.30333245082368}, {'start_idx': 5390, 'end_idx': 5459, 'score': 10.32644247353217}, {'start_idx': 5460, 'end_idx': 5529, 'score': 10.124384356510193}, {'start_idx': 5530, 'end_idx': 5599, 'score': 9.599478229137553}, {'start_idx': 5600, 'end_idx': 5669, 'score': 9.125887607058317}, {'start_idx': 5670, 'end_idx': 5714, 'score': 7.510246103837737}]",1,0,2,"[[1761, 2001]]","[(5010, 5149), (5570, 5964)]",2,"[{'start_idx': 1511, 'end_idx': 1751, 'score': 2.6831058679624564}, {'start_idx': 4760, 'end_idx': 4829, 'score': 5.703400997458732}, {'start_idx': 4830, 'end_idx': 4899, 'score': 4.45523519491704}, {'start_idx': 5320, 'end_idx': 5389, 'score': 6.30333245082368}, {'start_idx': 5390, 'end_idx': 5459, 'score': 10.32644247353217}, {'start_idx': 5460, 'end_idx': 5529, 'score': 10.124384356510193}, {'start_idx': 5530, 'end_idx': 5599, 'score': 9.599478229137553}, {'start_idx': 5600, 'end_idx': 5669, 'score': 9.125887607058317}, {'start_idx': 5670, 'end_idx': 5714, 'score': 7.510246103837737}]",SMAP,"[[5000, 5050], [5601, 5871]]","[contextual, contextual]"
2022-11-24_09.35.13,E-11,2620,8254,3,0.08187297438686764,"[{'start_idx': 1427, 'end_idx': 1755, 'score': 4.212508656623028}, {'start_idx': 4760, 'end_idx': 4829, 'score': 7.254346325016845}, {'start_idx': 4830, 'end_idx': 4899, 'score': 5.559054257001732}, {'start_idx': 5320, 'end_idx': 5389, 'score': 8.500729680784723}, {'start_idx': 5390, 'end_idx': 5459, 'score': 12.681654070768634}, {'start_idx': 5460, 'end_idx': 5529, 'score': 11.614149090055077}, {'start_idx': 5530, 'end_idx': 5599, 'score': 10.669260989879763}, {'start_idx': 5600, 'end_idx': 5669, 'score': 9.87332475694593}, {'start_idx': 5670, 'end_idx': 5715, 'score': 8.233202220807685}]",1,0,2,"[[1677, 2005]]","[(5010, 5149), (5570, 5965)]",2,"[{'start_idx': 1427, 'end_idx': 1755, 'score': 4.212508656623028}, {'start_idx': 4760, 'end_idx': 4829, 'score': 7.254346325016845}, {'start_idx': 4830, 'end_idx': 4899, 'score': 5.559054257001732}, {'start_idx': 5320, 'end_idx': 5389, 'score': 8.500729680784723}, {'start_idx': 5390, 'end_idx': 5459, 'score': 12.681654070768634}, {'start_idx': 5460, 'end_idx': 5529, 'score': 11.614149090055077}, {'start_idx': 5530, 'end_idx': 5599, 'score': 10.669260989879763}, {'start_idx': 5600, 'end_idx': 5669, 'score': 9.87332475694593}, {'start_idx': 5670, 'end_idx': 5715, 'score': 8.233202220807685}]",SMAP,"[[5000, 5050], [5614, 5857]]","[contextual, contextual]"
2022-11-24_09.35.13,E-12,2620,8252,4,0.06699833882094697,"[{'start_idx': 4760, 'end_idx': 4829, 'score': 7.116232643199552}, {'start_idx': 4830, 'end_idx': 4899, 'score': 5.212946640063253}, {'start_idx': 5320, 'end_idx': 5389, 'score': 6.275777423809102}, {'start_idx': 5390, 'end_idx': 5459, 'score': 5.6547466825963495}, {'start_idx': 5600, 'end_idx': 5669, 'score': 5.5941768072627465}, {'start_idx': 5740, 'end_idx': 5809, 'score': 5.752714775727995}, {'start_idx': 5810, 'end_idx': 5879, 'score': 5.918866361061403}, {'start_idx': 5880, 'end_idx': 5949, 'score': 6.242581243296131}, {'start_idx': 5950, 'end_idx': 6019, 'score': 5.8686596607966}, {'start_idx': 6020, 'end_idx': 6089, 'score': 6.032463997552118}, {'start_idx': 6090, 'end_idx': 6159, 'score': 6.12236312421509}, {'start_idx': 6160, 'end_idx': 6229, 'score': 6.360827189454418}, {'start_idx': 6230, 'end_idx': 6299, 'score': 6.04511588423518}]",0,0,2,[],"[(5010, 5149), (5570, 5709), (5850, 5919), (5990, 6549)]",2,"[{'start_idx': 4760, 'end_idx': 4829, 'score': 7.116232643199552}, {'start_idx': 4830, 'end_idx': 4899, 'score': 5.212946640063253}, {'start_idx': 5320, 'end_idx': 5389, 'score': 6.275777423809102}, {'start_idx': 5390, 'end_idx': 5459, 'score': 5.6547466825963495}, {'start_idx': 5600, 'end_idx': 5669, 'score': 5.5941768072627465}, {'start_idx': 5740, 'end_idx': 5809, 'score': 5.752714775727995}, {'start_idx': 5810, 'end_idx': 5879, 'score': 5.918866361061403}, {'start_idx': 5880, 'end_idx': 5949, 'score': 6.242581243296131}, {'start_idx': 5950, 'end_idx': 6019, 'score': 5.8686596607966}, {'start_idx': 6020, 'end_idx': 6089, 'score': 6.032463997552118}, {'start_idx': 6090, 'end_idx': 6159, 'score': 6.12236312421509}, {'start_idx': 6160, 'end_idx': 6229, 'score': 6.360827189454418}, {'start_idx': 6230, 'end_idx': 6299, 'score': 6.04511588423518}]",SMAP,"[[5610, 6141], [5000, 5050]]","[contextual, contextual]"
2022-11-24_09.35.13,E-13,2620,8380,1,0.05731407528962333,"[{'start_idx': 6230, 'end_idx': 6299, 'score': 3.7811684012956372}]",0,2,1,[],"[(6480, 6549)]",3,"[{'start_idx': 6230, 'end_idx': 6299, 'score': 3.7811684012956372}]",SMAP,"[[5309, 5410], [5600, 5640], [6449, 6569]]","[contextual, contextual, contextual]"
2022-11-24_09.35.13,A-1,2620,8380,0,0.002071998102994978,[],0,1,0,[],[],1,[],SMAP,"[[4690, 4774]]",[point]
2022-11-24_09.35.13,D-1,2589,8249,2,0.06433692035807487,"[{'start_idx': 4970, 'end_idx': 5039, 'score': 2.0097726888612284}, {'start_idx': 5040, 'end_idx': 5109, 'score': 2.140003131024283}, {'start_idx': 5320, 'end_idx': 5389, 'score': 6.645786148283809}, {'start_idx': 5390, 'end_idx': 5459, 'score': 7.52044414376722}, {'start_idx': 5460, 'end_idx': 5529, 'score': 7.835850896928041}, {'start_idx': 5530, 'end_idx': 5599, 'score': 7.9468465191686475}, {'start_idx': 5600, 'end_idx': 5669, 'score': 7.668059444930911}]",0,0,1,[],"[(5220, 5359), (5570, 5919)]",1,"[{'start_idx': 4970, 'end_idx': 5039, 'score': 2.0097726888612284}, {'start_idx': 5040, 'end_idx': 5109, 'score': 2.140003131024283}, {'start_idx': 5320, 'end_idx': 5389, 'score': 6.645786148283809}, {'start_idx': 5390, 'end_idx': 5459, 'score': 7.52044414376722}, {'start_idx': 5460, 'end_idx': 5529, 'score': 7.835850896928041}, {'start_idx': 5530, 'end_idx': 5599, 'score': 7.9468465191686475}, {'start_idx': 5600, 'end_idx': 5669, 'score': 7.668059444930911}]",SMAP,"[[5250, 8508]]",[point]
2022-11-24_09.35.13,P-2,2561,7949,1,0.05558899573196025,"[{'start_idx': 5040, 'end_idx': 5109, 'score': 11.829775615909098}, {'start_idx': 5110, 'end_idx': 5179, 'score': 13.351886109803969}, {'start_idx': 5180, 'end_idx': 5249, 'score': 12.151088263986683}, {'start_idx': 5250, 'end_idx': 5319, 'score': 11.013312774945973}, {'start_idx': 5320, 'end_idx': 5389, 'score': 10.338084494921059}, {'start_idx': 5390, 'end_idx': 5459, 'score': 9.80017818329108}, {'start_idx': 5460, 'end_idx': 5502, 'score': 9.184127527259498}]",0,0,1,[],"[(5290, 5752)]",1,"[{'start_idx': 5040, 'end_idx': 5109, 'score': 11.829775615909098}, {'start_idx': 5110, 'end_idx': 5179, 'score': 13.351886109803969}, {'start_idx': 5180, 'end_idx': 5249, 'score': 12.151088263986683}, {'start_idx': 5250, 'end_idx': 5319, 'score': 11.013312774945973}, {'start_idx': 5320, 'end_idx': 5389, 'score': 10.338084494921059}, {'start_idx': 5390, 'end_idx': 5459, 'score': 9.80017818329108}, {'start_idx': 5460, 'end_idx': 5502, 'score': 9.184127527259498}]",SMAP,"[[5350, 6575]]",[point]
2022-11-24_09.35.13,P-3,2595,8233,2,0.039409671537954466,"[{'start_idx': 5110, 'end_idx': 5179, 'score': 3.3472014047527683}, {'start_idx': 5180, 'end_idx': 5249, 'score': 6.7399771307336644}, {'start_idx': 5250, 'end_idx': 5319, 'score': 7.166325894155119}, {'start_idx': 5320, 'end_idx': 5389, 'score': 6.1834226829056576}, {'start_idx': 5390, 'end_idx': 5423, 'score': 5.241262581417035}, {'start_idx': 5530, 'end_idx': 5599, 'score': 7.643069783147554}, {'start_idx': 5600, 'end_idx': 5669, 'score': 8.033362645803786}, {'start_idx': 5670, 'end_idx': 5739, 'score': 7.850554456944004}, {'start_idx': 5740, 'end_idx': 5809, 'score': 7.294520112489541}]",0,0,1,[],"[(5360, 5673), (5780, 6059)]",1,"[{'start_idx': 5110, 'end_idx': 5179, 'score': 3.3472014047527683}, {'start_idx': 5180, 'end_idx': 5249, 'score': 6.7399771307336644}, {'start_idx': 5250, 'end_idx': 5319, 'score': 7.166325894155119}, {'start_idx': 5320, 'end_idx': 5389, 'score': 6.1834226829056576}, {'start_idx': 5390, 'end_idx': 5423, 'score': 5.241262581417035}, {'start_idx': 5530, 'end_idx': 5599, 'score': 7.643069783147554}, {'start_idx': 5600, 'end_idx': 5669, 'score': 8.033362645803786}, {'start_idx': 5670, 'end_idx': 5739, 'score': 7.850554456944004}, {'start_idx': 5740, 'end_idx': 5809, 'score': 7.294520112489541}]",SMAP,"[[5401, 6736]]",[point]
2022-11-24_09.35.13,D-2,2620,8335,3,0.0712970300530093,"[{'start_idx': 4410, 'end_idx': 4479, 'score': 16.795196867699623}, {'start_idx': 4480, 'end_idx': 4549, 'score': 12.977890322622951}, {'start_idx': 4550, 'end_idx': 4619, 'score': 11.827212619909117}, {'start_idx': 4620, 'end_idx': 4689, 'score': 10.8870415161172}, {'start_idx': 4690, 'end_idx': 4759, 'score': 10.253215345164495}, {'start_idx': 8190, 'end_idx': 8259, 'score': 2.089296839033101}, {'start_idx': 8265, 'end_idx': 8334, 'score': 0.8698615237347022}]",0,0,1,[],"[(4660, 5009), (8440, 8509), (8515, 8584)]",1,"[{'start_idx': 4410, 'end_idx': 4479, 'score': 16.795196867699623}, {'start_idx': 4480, 'end_idx': 4549, 'score': 12.977890322622951}, {'start_idx': 4550, 'end_idx': 4619, 'score': 11.827212619909117}, {'start_idx': 4620, 'end_idx': 4689, 'score': 10.8870415161172}, {'start_idx': 4690, 'end_idx': 4759, 'score': 10.253215345164495}, {'start_idx': 8190, 'end_idx': 8259, 'score': 2.089296839033101}, {'start_idx': 8265, 'end_idx': 8334, 'score': 0.8698615237347022}]",SMAP,"[[4319, 8536]]",[point]
2022-11-24_09.35.13,D-3,2620,8380,2,0.05873186889695107,"[{'start_idx': 5110, 'end_idx': 5179, 'score': 5.631056420200274}, {'start_idx': 5180, 'end_idx': 5249, 'score': 7.384683905430975}, {'start_idx': 5250, 'end_idx': 5319, 'score': 8.009120559205616}, {'start_idx': 5320, 'end_idx': 5389, 'score': 8.230762648214323}, {'start_idx': 5390, 'end_idx': 5459, 'score': 8.279289979299337}, {'start_idx': 5460, 'end_idx': 5529, 'score': 8.241736336783708}, {'start_idx': 5530, 'end_idx': 5599, 'score': 8.166100528128139}, {'start_idx': 5600, 'end_idx': 5669, 'score': 8.024093090780067}, {'start_idx': 5670, 'end_idx': 5739, 'score': 7.8576920542690925}, {'start_idx': 8310, 'end_idx': 8379, 'score': 4.228084148696179}]",1,0,1,"[[8560, 8629]]","[(5360, 5989)]",1,"[{'start_idx': 5110, 'end_idx': 5179, 'score': 5.631056420200274}, {'start_idx': 5180, 'end_idx': 5249, 'score': 7.384683905430975}, {'start_idx': 5250, 'end_idx': 5319, 'score': 8.009120559205616}, {'start_idx': 5320, 'end_idx': 5389, 'score': 8.230762648214323}, {'start_idx': 5390, 'end_idx': 5459, 'score': 8.279289979299337}, {'start_idx': 5460, 'end_idx': 5529, 'score': 8.241736336783708}, {'start_idx': 5530, 'end_idx': 5599, 'score': 8.166100528128139}, {'start_idx': 5600, 'end_idx': 5669, 'score': 8.024093090780067}, {'start_idx': 5670, 'end_idx': 5739, 'score': 7.8576920542690925}, {'start_idx': 8310, 'end_idx': 8379, 'score': 4.228084148696179}]",SMAP,"[[5225, 8500]]",[point]
2022-11-24_09.35.13,D-4,2573,8213,1,0.053811445469345125,"[{'start_idx': 4970, 'end_idx': 5039, 'score': 5.312030100541079}, {'start_idx': 5040, 'end_idx': 5109, 'score': 8.470753284273986}, {'start_idx': 5110, 'end_idx': 5179, 'score': 9.157382366598119}, {'start_idx': 5180, 'end_idx': 5249, 'score': 9.179582615229721}, {'start_idx': 5250, 'end_idx': 5319, 'score': 9.087243745164207}, {'start_idx': 5320, 'end_idx': 5389, 'score': 8.775558111059581}, {'start_idx': 5390, 'end_idx': 5459, 'score': 8.718132507800204}, {'start_idx': 5460, 'end_idx': 5529, 'score': 8.374611948304851}]",0,0,1,[],"[(5220, 5779)]",1,"[{'start_idx': 4970, 'end_idx': 5039, 'score': 5.312030100541079}, {'start_idx': 5040, 'end_idx': 5109, 'score': 8.470753284273986}, {'start_idx': 5110, 'end_idx': 5179, 'score': 9.157382366598119}, {'start_idx': 5180, 'end_idx': 5249, 'score': 9.179582615229721}, {'start_idx': 5250, 'end_idx': 5319, 'score': 9.087243745164207}, {'start_idx': 5320, 'end_idx': 5389, 'score': 8.775558111059581}, {'start_idx': 5390, 'end_idx': 5459, 'score': 8.718132507800204}, {'start_idx': 5460, 'end_idx': 5529, 'score': 8.374611948304851}]",SMAP,"[[5225, 8472]]",[point]
2022-11-24_09.35.13,A-2,2388,7654,1,0.07771635430279518,"[{'start_idx': 4200, 'end_idx': 4269, 'score': 2.296426096049911}, {'start_idx': 4270, 'end_idx': 4339, 'score': 3.799652818128091}, {'start_idx': 4340, 'end_idx': 4409, 'score': 4.014287014993795}]",0,0,1,[],"[(4450, 4659)]",1,"[{'start_idx': 4200, 'end_idx': 4269, 'score': 2.296426096049911}, {'start_idx': 4270, 'end_idx': 4339, 'score': 3.799652818128091}, {'start_idx': 4340, 'end_idx': 4409, 'score': 4.014287014993795}]",SMAP,"[[4450, 4560]]",[contextual]
2022-11-24_09.35.13,A-3,2476,7945,3,0.05052980106258515,"[{'start_idx': 875, 'end_idx': 1301, 'score': 2.2988175925327496}, {'start_idx': 2940, 'end_idx': 3009, 'score': 2.6240809373437686}, {'start_idx': 4340, 'end_idx': 4409, 'score': 3.526115517393254}, {'start_idx': 4410, 'end_idx': 4479, 'score': 3.9813687998542298}, {'start_idx': 4480, 'end_idx': 4549, 'score': 4.347879554366086}, {'start_idx': 4550, 'end_idx': 4619, 'score': 3.9186464710292497}]",2,0,1,"[[1125, 1551], [3190, 3259]]","[(4590, 4869)]",1,"[{'start_idx': 875, 'end_idx': 1301, 'score': 2.2988175925327496}, {'start_idx': 2940, 'end_idx': 3009, 'score': 2.6240809373437686}, {'start_idx': 4340, 'end_idx': 4409, 'score': 3.526115517393254}, {'start_idx': 4410, 'end_idx': 4479, 'score': 3.9813687998542298}, {'start_idx': 4480, 'end_idx': 4549, 'score': 4.347879554366086}, {'start_idx': 4550, 'end_idx': 4619, 'score': 3.9186464710292497}]",SMAP,"[[4575, 4760]]",[contextual]
2022-11-24_09.35.13,A-4,2430,7820,1,0.059718137462296504,"[{'start_idx': 4270, 'end_idx': 4339, 'score': 1.977352274215364}, {'start_idx': 4340, 'end_idx': 4409, 'score': 3.400673212952646}, {'start_idx': 4410, 'end_idx': 4479, 'score': 3.7651998629831978}, {'start_idx': 4480, 'end_idx': 4549, 'score': 3.3057681582963463}, {'start_idx': 6790, 'end_idx': 6790, 'score': 1.1247575397381933}]",0,0,1,[],"[(4520, 4799)]",1,"[{'start_idx': 4270, 'end_idx': 4339, 'score': 1.977352274215364}, {'start_idx': 4340, 'end_idx': 4409, 'score': 3.400673212952646}, {'start_idx': 4410, 'end_idx': 4479, 'score': 3.7651998629831978}, {'start_idx': 4480, 'end_idx': 4549, 'score': 3.3057681582963463}, {'start_idx': 6790, 'end_idx': 6790, 'score': 1.1247575397381933}]",SMAP,"[[4550, 4660]]",[contextual]
2022-11-24_09.35.13,G-1,2560,8209,1,0.06843413752414158,"[{'start_idx': 8139, 'end_idx': 8208, 'score': 4.005298848032543}]",1,1,0,"[[8389, 8458]]",[],1,"[{'start_idx': 8139, 'end_idx': 8208, 'score': 4.005298848032543}]",SMAP,"[[4770, 4890]]",[contextual]
2022-11-24_09.35.13,G-2,2218,7101,0,0.002488664935431234,[],0,1,0,[],[],1,[],SMAP,"[[4030, 4070]]",[point]
2022-11-24_09.35.13,D-5,2301,7368,0,0.3073841358817987,[],0,1,0,[],[],1,[],SMAP,"[[4800, 4850]]",[point]
2022-11-24_09.35.13,D-6,2334,7624,1,0.040472694896204,"[{'start_idx': 4620, 'end_idx': 4689, 'score': 3.7081237224659733}, {'start_idx': 4690, 'end_idx': 4759, 'score': 3.812750975318159}, {'start_idx': 4760, 'end_idx': 4829, 'score': 2.811132621783576}]",0,0,1,[],"[(4870, 5079)]",1,"[{'start_idx': 4620, 'end_idx': 4689, 'score': 3.7081237224659733}, {'start_idx': 4690, 'end_idx': 4759, 'score': 3.812750975318159}, {'start_idx': 4760, 'end_idx': 4829, 'score': 2.811132621783576}]",SMAP,"[[4870, 4950]]",[point]
2022-11-24_09.35.13,D-7,2323,7382,3,0.05075259405975256,"[{'start_idx': 4760, 'end_idx': 4829, 'score': 5.001986264530852}, {'start_idx': 4830, 'end_idx': 4899, 'score': 6.782727614718396}, {'start_idx': 4900, 'end_idx': 4969, 'score': 7.225438168889748}, {'start_idx': 4970, 'end_idx': 5039, 'score': 7.260431251675931}, {'start_idx': 5040, 'end_idx': 5109, 'score': 7.145416169976181}, {'start_idx': 5180, 'end_idx': 5249, 'score': 7.8162847052533095}, {'start_idx': 5250, 'end_idx': 5319, 'score': 7.971974997245591}, {'start_idx': 5320, 'end_idx': 5389, 'score': 7.744607285907695}, {'start_idx': 5390, 'end_idx': 5459, 'score': 7.558299716431431}, {'start_idx': 5460, 'end_idx': 5529, 'score': 7.783226640779696}, {'start_idx': 5530, 'end_idx': 5599, 'score': 7.685825019368343}, {'start_idx': 7210, 'end_idx': 7279, 'score': 3.210510833823567}]",0,0,1,[],"[(5010, 5359), (5430, 5849), (7460, 7529)]",1,"[{'start_idx': 4760, 'end_idx': 4829, 'score': 5.001986264530852}, {'start_idx': 4830, 'end_idx': 4899, 'score': 6.782727614718396}, {'start_idx': 4900, 'end_idx': 4969, 'score': 7.225438168889748}, {'start_idx': 4970, 'end_idx': 5039, 'score': 7.260431251675931}, {'start_idx': 5040, 'end_idx': 5109, 'score': 7.145416169976181}, {'start_idx': 5180, 'end_idx': 5249, 'score': 7.8162847052533095}, {'start_idx': 5250, 'end_idx': 5319, 'score': 7.971974997245591}, {'start_idx': 5320, 'end_idx': 5389, 'score': 7.744607285907695}, {'start_idx': 5390, 'end_idx': 5459, 'score': 7.558299716431431}, {'start_idx': 5460, 'end_idx': 5529, 'score': 7.783226640779696}, {'start_idx': 5530, 'end_idx': 5599, 'score': 7.685825019368343}, {'start_idx': 7210, 'end_idx': 7279, 'score': 3.210510833823567}]",SMAP,"[[4940, 7641]]",[point]
2022-11-24_09.35.13,F-1,2609,8324,0,0.10810066410715236,[],0,1,0,[],[],1,[],SMAP,"[[5392, 5492]]",[point]
2022-11-24_09.35.13,P-4,2349,7523,3,0.014216875439309447,"[{'start_idx': 681, 'end_idx': 935, 'score': 9.043362454071998}, {'start_idx': 1921, 'end_idx': 2099, 'score': 7.687781260277561}, {'start_idx': 4550, 'end_idx': 4619, 'score': 5.9606409096283075}, {'start_idx': 4620, 'end_idx': 4689, 'score': 4.636652829054786}, {'start_idx': 4690, 'end_idx': 4731, 'score': 3.854788507389259}]",0,0,3,[],"[(931, 1185), (2171, 2349), (4800, 4981)]",3,"[{'start_idx': 681, 'end_idx': 935, 'score': 9.043362454071998}, {'start_idx': 1921, 'end_idx': 2099, 'score': 7.687781260277561}, {'start_idx': 4550, 'end_idx': 4619, 'score': 5.9606409096283075}, {'start_idx': 4620, 'end_idx': 4689, 'score': 4.636652829054786}, {'start_idx': 4690, 'end_idx': 4731, 'score': 3.854788507389259}]",SMAP,"[[950, 1080], [2150, 2350], [4770, 4880]]","[point, point, point]"
2022-11-24_09.35.13,G-3,2364,7647,0,0.0039735673914957125,[],0,1,0,[],[],1,[],SMAP,"[[4200, 4250]]",[point]
2022-11-24_09.35.13,T-1,2615,8352,2,0.05719426808298826,"[{'start_idx': 2310, 'end_idx': 2379, 'score': 1.8551819118463633}, {'start_idx': 2380, 'end_idx': 2449, 'score': 2.151965415922375}, {'start_idx': 2450, 'end_idx': 2519, 'score': 2.536934249959022}, {'start_idx': 2520, 'end_idx': 2589, 'score': 2.925667889860222}, {'start_idx': 2590, 'end_idx': 2659, 'score': 3.2267438706172316}, {'start_idx': 2660, 'end_idx': 2729, 'score': 3.4252376501379693}, {'start_idx': 6370, 'end_idx': 6439, 'score': 2.988617495516413}]",1,1,1,"[[6620, 6689]]","[(2560, 2979)]",2,"[{'start_idx': 2310, 'end_idx': 2379, 'score': 1.8551819118463633}, {'start_idx': 2380, 'end_idx': 2449, 'score': 2.151965415922375}, {'start_idx': 2450, 'end_idx': 2519, 'score': 2.536934249959022}, {'start_idx': 2520, 'end_idx': 2589, 'score': 2.925667889860222}, {'start_idx': 2590, 'end_idx': 2659, 'score': 3.2267438706172316}, {'start_idx': 2660, 'end_idx': 2729, 'score': 3.4252376501379693}, {'start_idx': 6370, 'end_idx': 6439, 'score': 2.988617495516413}]",SMAP,"[[2399, 3898], [6550, 6585]]","[point, contextual]"
2022-11-24_09.35.13,T-2,2595,8365,0,0.03537224622351037,[],0,1,0,[],[],1,[],SMAP,"[[6840, 8624]]",[point]
2022-11-24_09.35.13,D-8,2342,7614,0,0.004420954601984497,[],0,1,0,[],[],1,[],SMAP,"[[4370, 4420]]",[point]
2022-11-24_09.35.13,D-9,2323,7146,2,0.04192710701707754,"[{'start_idx': 6160, 'end_idx': 6229, 'score': 5.143491019722939}, {'start_idx': 6230, 'end_idx': 6299, 'score': 7.881177855043481}, {'start_idx': 6300, 'end_idx': 6369, 'score': 7.544311160503684}, {'start_idx': 6370, 'end_idx': 6439, 'score': 7.275944289863559}, {'start_idx': 7076, 'end_idx': 7145, 'score': 6.410753815116904}]",0,0,1,[],"[(6410, 6689), (7326, 7395)]",1,"[{'start_idx': 6160, 'end_idx': 6229, 'score': 5.143491019722939}, {'start_idx': 6230, 'end_idx': 6299, 'score': 7.881177855043481}, {'start_idx': 6300, 'end_idx': 6369, 'score': 7.544311160503684}, {'start_idx': 6370, 'end_idx': 6439, 'score': 7.275944289863559}, {'start_idx': 7076, 'end_idx': 7145, 'score': 6.410753815116904}]",SMAP,"[[6250, 7405]]",[point]
2022-11-24_09.35.13,F-2,2601,8366,1,0.0517130900179335,"[{'start_idx': 6510, 'end_idx': 6579, 'score': 2.5565983573988467}, {'start_idx': 6580, 'end_idx': 6649, 'score': 3.236878562686798}, {'start_idx': 6650, 'end_idx': 6719, 'score': 3.1280296857750307}]",0,0,1,[],"[(6760, 6969)]",1,"[{'start_idx': 6510, 'end_idx': 6579, 'score': 2.5565983573988467}, {'start_idx': 6580, 'end_idx': 6649, 'score': 3.236878562686798}, {'start_idx': 6650, 'end_idx': 6719, 'score': 3.1280296857750307}]",SMAP,"[[5669, 8625]]",[point]
2022-11-24_09.35.13,G-4,2291,7372,1,0.007410053581533001,"[{'start_idx': 4410, 'end_idx': 4479, 'score': 8.319172147380042}, {'start_idx': 4480, 'end_idx': 4549, 'score': 7.722323383429602}, {'start_idx': 4550, 'end_idx': 4619, 'score': 5.722436681520584}]",0,0,1,[],"[(4660, 4869)]",1,"[{'start_idx': 4410, 'end_idx': 4479, 'score': 8.319172147380042}, {'start_idx': 4480, 'end_idx': 4549, 'score': 7.722323383429602}, {'start_idx': 4550, 'end_idx': 4619, 'score': 5.722436681520584}]",SMAP,"[[4690, 4720]]",[point]
2022-11-24_09.35.13,T-3,2616,8319,2,0.012551898193679826,"[{'start_idx': 1807, 'end_idx': 2069, 'score': 3.823551530413157}, {'start_idx': 4970, 'end_idx': 5039, 'score': 3.821133228409451}, {'start_idx': 5040, 'end_idx': 5109, 'score': 3.2130610856589774}, {'start_idx': 5110, 'end_idx': 5157, 'score': 2.688302566605271}]",0,0,2,[],"[(2057, 2319), (5220, 5407)]",2,"[{'start_idx': 1807, 'end_idx': 2069, 'score': 3.823551530413157}, {'start_idx': 4970, 'end_idx': 5039, 'score': 3.821133228409451}, {'start_idx': 5040, 'end_idx': 5109, 'score': 3.2130610856589774}, {'start_idx': 5110, 'end_idx': 5157, 'score': 2.688302566605271}]",SMAP,"[[2098, 2180], [5200, 5300]]","[point, point]"
2022-11-24_09.35.13,D-11,2351,7171,1,0.03638981118499178,"[{'start_idx': 3990, 'end_idx': 4059, 'score': 3.104052435577459}, {'start_idx': 4060, 'end_idx': 4129, 'score': 3.8632160096747237}, {'start_idx': 4130, 'end_idx': 4199, 'score': 2.663193033072984}]",0,0,1,[],"[(4240, 4449)]",1,"[{'start_idx': 3990, 'end_idx': 4059, 'score': 3.104052435577459}, {'start_idx': 4060, 'end_idx': 4129, 'score': 3.8632160096747237}, {'start_idx': 4130, 'end_idx': 4199, 'score': 2.663193033072984}]",SMAP,"[[4270, 4330]]",[point]
2022-11-24_09.35.13,D-12,52,7658,2,0.07386393503860379,"[{'start_idx': 5110, 'end_idx': 5179, 'score': 0.8170079381492562}, {'start_idx': 5180, 'end_idx': 5249, 'score': 1.8616555971836366}, {'start_idx': 5250, 'end_idx': 5319, 'score': 2.4839179962845477}, {'start_idx': 5320, 'end_idx': 5389, 'score': 2.911300405819404}, {'start_idx': 5390, 'end_idx': 5459, 'score': 3.240293089038491}, {'start_idx': 6020, 'end_idx': 6089, 'score': 4.400878581458432}, {'start_idx': 6090, 'end_idx': 6159, 'score': 4.559940009774518}]",0,0,1,[],"[(5360, 5709), (6270, 6409)]",1,"[{'start_idx': 5110, 'end_idx': 5179, 'score': 0.8170079381492562}, {'start_idx': 5180, 'end_idx': 5249, 'score': 1.8616555971836366}, {'start_idx': 5250, 'end_idx': 5319, 'score': 2.4839179962845477}, {'start_idx': 5320, 'end_idx': 5389, 'score': 2.911300405819404}, {'start_idx': 5390, 'end_idx': 5459, 'score': 3.240293089038491}, {'start_idx': 6020, 'end_idx': 6089, 'score': 4.400878581458432}, {'start_idx': 6090, 'end_idx': 6159, 'score': 4.559940009774518}]",SMAP,"[[5178, 7917]]",[point]
2022-11-24_09.35.13,B-1,2175,7784,1,0.33656506057740604,"[{'start_idx': 4760, 'end_idx': 4829, 'score': 8.299893482998314}, {'start_idx': 4830, 'end_idx': 4899, 'score': 16.38554694173726}, {'start_idx': 4900, 'end_idx': 4969, 'score': 13.51494899763903}, {'start_idx': 4970, 'end_idx': 5039, 'score': 11.900197722095267}, {'start_idx': 5040, 'end_idx': 5109, 'score': 10.875426782171626}, {'start_idx': 5110, 'end_idx': 5179, 'score': 10.139947118788369}]",0,0,1,[],"[(5010, 5429)]",1,"[{'start_idx': 4760, 'end_idx': 4829, 'score': 8.299893482998314}, {'start_idx': 4830, 'end_idx': 4899, 'score': 16.38554694173726}, {'start_idx': 4900, 'end_idx': 4969, 'score': 13.51494899763903}, {'start_idx': 4970, 'end_idx': 5039, 'score': 11.900197722095267}, {'start_idx': 5040, 'end_idx': 5109, 'score': 10.875426782171626}, {'start_idx': 5110, 'end_idx': 5179, 'score': 10.139947118788369}]",SMAP,"[[5060, 5130]]",[point]
2022-11-24_09.35.13,G-6,2621,8380,1,0.010146640770494127,"[{'start_idx': 5390, 'end_idx': 5459, 'score': 15.70975878589015}, {'start_idx': 5460, 'end_idx': 5529, 'score': 11.73846620466125}, {'start_idx': 5530, 'end_idx': 5586, 'score': 10.039923178976789}]",0,0,1,[],"[(5640, 5836)]",1,"[{'start_idx': 5390, 'end_idx': 5459, 'score': 15.70975878589015}, {'start_idx': 5460, 'end_idx': 5529, 'score': 11.73846620466125}, {'start_idx': 5530, 'end_idx': 5586, 'score': 10.039923178976789}]",SMAP,"[[5600, 5700]]",[point]
2022-11-24_09.35.13,G-7,2186,7769,4,0.02722904279296778,"[{'start_idx': 877, 'end_idx': 1192, 'score': 3.8527509942983555}, {'start_idx': 3360, 'end_idx': 3429, 'score': 6.038614706745343}, {'start_idx': 3430, 'end_idx': 3499, 'score': 10.556847520528706}, {'start_idx': 3500, 'end_idx': 3569, 'score': 9.075847649116136}, {'start_idx': 3570, 'end_idx': 3627, 'score': 6.947814665831256}, {'start_idx': 4760, 'end_idx': 4829, 'score': 8.514789026316112}, {'start_idx': 4830, 'end_idx': 4899, 'score': 9.014170734001095}, {'start_idx': 4900, 'end_idx': 4965, 'score': 7.053599617803186}, {'start_idx': 7280, 'end_idx': 7349, 'score': 5.031387421104271}, {'start_idx': 7350, 'end_idx': 7419, 'score': 11.204254111288773}, {'start_idx': 7420, 'end_idx': 7489, 'score': 10.367622684744793}, {'start_idx': 7490, 'end_idx': 7559, 'score': 7.653036126326879}]",1,0,3,"[[1127, 1442]]","[(3610, 3877), (5010, 5215), (7530, 7809)]",3,"[{'start_idx': 877, 'end_idx': 1192, 'score': 3.8527509942983555}, {'start_idx': 3360, 'end_idx': 3429, 'score': 6.038614706745343}, {'start_idx': 3430, 'end_idx': 3499, 'score': 10.556847520528706}, {'start_idx': 3500, 'end_idx': 3569, 'score': 9.075847649116136}, {'start_idx': 3570, 'end_idx': 3627, 'score': 6.947814665831256}, {'start_idx': 4760, 'end_idx': 4829, 'score': 8.514789026316112}, {'start_idx': 4830, 'end_idx': 4899, 'score': 9.014170734001095}, {'start_idx': 4900, 'end_idx': 4965, 'score': 7.053599617803186}, {'start_idx': 7280, 'end_idx': 7349, 'score': 5.031387421104271}, {'start_idx': 7350, 'end_idx': 7419, 'score': 11.204254111288773}, {'start_idx': 7420, 'end_idx': 7489, 'score': 10.367622684744793}, {'start_idx': 7490, 'end_idx': 7559, 'score': 7.653036126326879}]",SMAP,"[[3650, 3750], [5050, 5100], [7560, 7675]]","[contextual, point, contextual]"
2022-11-24_09.35.13,P-7,2593,7811,2,0.02912705912757839,"[{'start_idx': 2100, 'end_idx': 2169, 'score': 2.2525939401088064}, {'start_idx': 2170, 'end_idx': 2239, 'score': 2.274439939766774}, {'start_idx': 4760, 'end_idx': 4829, 'score': 4.216835067249804}, {'start_idx': 4830, 'end_idx': 4899, 'score': 5.69455950364432}, {'start_idx': 4900, 'end_idx': 4969, 'score': 5.756232879866138}, {'start_idx': 4970, 'end_idx': 5039, 'score': 5.5924428519679665}]",1,0,1,"[[2350, 2489]]","[(5010, 5289)]",1,"[{'start_idx': 2100, 'end_idx': 2169, 'score': 2.2525939401088064}, {'start_idx': 2170, 'end_idx': 2239, 'score': 2.274439939766774}, {'start_idx': 4760, 'end_idx': 4829, 'score': 4.216835067249804}, {'start_idx': 4830, 'end_idx': 4899, 'score': 5.69455950364432}, {'start_idx': 4900, 'end_idx': 4969, 'score': 5.756232879866138}, {'start_idx': 4970, 'end_idx': 5039, 'score': 5.5924428519679665}]",SMAP,"[[4950, 6600]]",[contextual]
2022-11-24_09.35.13,R-1,2614,6984,1,0.010378582665498313,"[{'start_idx': 4270, 'end_idx': 4339, 'score': 4.039904508250946}, {'start_idx': 4340, 'end_idx': 4409, 'score': 3.786606825383857}, {'start_idx': 4410, 'end_idx': 4476, 'score': 2.887888805116443}]",0,0,1,[],"[(4520, 4726)]",1,"[{'start_idx': 4270, 'end_idx': 4339, 'score': 4.039904508250946}, {'start_idx': 4340, 'end_idx': 4409, 'score': 3.786606825383857}, {'start_idx': 4410, 'end_idx': 4476, 'score': 2.887888805116443}]",SMAP,"[[4510, 4590]]",[point]
2022-11-24_09.35.13,A-5,445,4433,1,0.035038635737429956,"[{'start_idx': 2450, 'end_idx': 2519, 'score': 17.766256168725825}, {'start_idx': 2520, 'end_idx': 2589, 'score': 13.28770697629806}, {'start_idx': 2590, 'end_idx': 2659, 'score': 10.425216442182583}]",0,0,1,[],"[(2700, 2909)]",1,"[{'start_idx': 2450, 'end_idx': 2519, 'score': 17.766256168725825}, {'start_idx': 2520, 'end_idx': 2589, 'score': 13.28770697629806}, {'start_idx': 2590, 'end_idx': 2659, 'score': 10.425216442182583}]",SMAP,"[[2750, 2800]]",[point]
2022-11-24_09.35.13,A-6,422,4193,1,0.029156475302288144,"[{'start_idx': 1554, 'end_idx': 1835, 'score': 7.061668712515167}]",0,0,1,[],"[(1804, 2085)]",1,"[{'start_idx': 1554, 'end_idx': 1835, 'score': 7.061668712515167}]",SMAP,"[[1890, 1930]]",[point]
2022-11-24_09.35.13,A-7,2619,8371,2,0.0671728559950053,"[{'start_idx': 2240, 'end_idx': 2309, 'score': 2.3846634425155244}, {'start_idx': 5950, 'end_idx': 6019, 'score': 0.5301086380274086}, {'start_idx': 6020, 'end_idx': 6089, 'score': 3.839129412103377}, {'start_idx': 6090, 'end_idx': 6159, 'score': 5.213341758038668}, {'start_idx': 6160, 'end_idx': 6229, 'score': 5.5787114165457075}, {'start_idx': 6230, 'end_idx': 6299, 'score': 5.810197753957629}, {'start_idx': 6300, 'end_idx': 6369, 'score': 5.885916920132749}, {'start_idx': 6370, 'end_idx': 6439, 'score': 5.851315174273083}, {'start_idx': 6440, 'end_idx': 6509, 'score': 5.809703949473381}]",1,0,1,"[[2490, 2559]]","[(6200, 6759)]",1,"[{'start_idx': 2240, 'end_idx': 2309, 'score': 2.3846634425155244}, {'start_idx': 5950, 'end_idx': 6019, 'score': 0.5301086380274086}, {'start_idx': 6020, 'end_idx': 6089, 'score': 3.839129412103377}, {'start_idx': 6090, 'end_idx': 6159, 'score': 5.213341758038668}, {'start_idx': 6160, 'end_idx': 6229, 'score': 5.5787114165457075}, {'start_idx': 6230, 'end_idx': 6299, 'score': 5.810197753957629}, {'start_idx': 6300, 'end_idx': 6369, 'score': 5.885916920132749}, {'start_idx': 6370, 'end_idx': 6439, 'score': 5.851315174273083}, {'start_idx': 6440, 'end_idx': 6509, 'score': 5.809703949473381}]",SMAP,"[[6200, 8600]]",[contextual]
2022-11-24_09.35.13,D-13,1230,7403,1,0.022452059645856393,"[{'start_idx': 4830, 'end_idx': 4899, 'score': 11.543019622389949}, {'start_idx': 4900, 'end_idx': 4969, 'score': 12.078142343709555}, {'start_idx': 4970, 'end_idx': 5039, 'score': 10.132469949363333}, {'start_idx': 5040, 'end_idx': 5089, 'score': 8.441943023154511}]",0,0,1,[],"[(5080, 5339)]",1,"[{'start_idx': 4830, 'end_idx': 4899, 'score': 11.543019622389949}, {'start_idx': 4900, 'end_idx': 4969, 'score': 12.078142343709555}, {'start_idx': 4970, 'end_idx': 5039, 'score': 10.132469949363333}, {'start_idx': 5040, 'end_idx': 5089, 'score': 8.441943023154511}]",SMAP,"[[5070, 5230]]",[point]
2022-11-24_09.35.13,P-2,2561,7949,1,0.05558899573196025,"[{'start_idx': 5040, 'end_idx': 5109, 'score': 11.829775615909098}, {'start_idx': 5110, 'end_idx': 5179, 'score': 13.351886109803969}, {'start_idx': 5180, 'end_idx': 5249, 'score': 12.151088263986683}, {'start_idx': 5250, 'end_idx': 5319, 'score': 11.013312774945973}, {'start_idx': 5320, 'end_idx': 5389, 'score': 10.338084494921059}, {'start_idx': 5390, 'end_idx': 5459, 'score': 9.80017818329108}, {'start_idx': 5460, 'end_idx': 5502, 'score': 9.184127527259498}]",0,0,1,[],"[(5290, 5752)]",1,"[{'start_idx': 5040, 'end_idx': 5109, 'score': 11.829775615909098}, {'start_idx': 5110, 'end_idx': 5179, 'score': 13.351886109803969}, {'start_idx': 5180, 'end_idx': 5249, 'score': 12.151088263986683}, {'start_idx': 5250, 'end_idx': 5319, 'score': 11.013312774945973}, {'start_idx': 5320, 'end_idx': 5389, 'score': 10.338084494921059}, {'start_idx': 5390, 'end_idx': 5459, 'score': 9.80017818329108}, {'start_idx': 5460, 'end_idx': 5502, 'score': 9.184127527259498}]",SMAP,"[[5300, 6420]]",[point]
2022-11-24_09.35.13,A-8,502,8115,2,0.11608255564182393,"[{'start_idx': 7280, 'end_idx': 7349, 'score': 5.49058065444717}, {'start_idx': 7350, 'end_idx': 7419, 'score': 5.485443144867382}, {'start_idx': 7420, 'end_idx': 7489, 'score': 5.7819115470431806}, {'start_idx': 7490, 'end_idx': 7559, 'score': 5.907692925057184}, {'start_idx': 7560, 'end_idx': 7629, 'score': 6.074522210886201}, {'start_idx': 7630, 'end_idx': 7699, 'score': 6.286026067538815}, {'start_idx': 7700, 'end_idx': 7769, 'score': 6.359871094668396}, {'start_idx': 7770, 'end_idx': 7839, 'score': 6.488511438228505}, {'start_idx': 7840, 'end_idx': 7909, 'score': 6.661902747231574}, {'start_idx': 7910, 'end_idx': 7979, 'score': 8.145916694040471}, {'start_idx': 8045, 'end_idx': 8114, 'score': 10.126048246010575}]",0,0,1,[],"[(7530, 8229), (8295, 8364)]",1,"[{'start_idx': 7280, 'end_idx': 7349, 'score': 5.49058065444717}, {'start_idx': 7350, 'end_idx': 7419, 'score': 5.485443144867382}, {'start_idx': 7420, 'end_idx': 7489, 'score': 5.7819115470431806}, {'start_idx': 7490, 'end_idx': 7559, 'score': 5.907692925057184}, {'start_idx': 7560, 'end_idx': 7629, 'score': 6.074522210886201}, {'start_idx': 7630, 'end_idx': 7699, 'score': 6.286026067538815}, {'start_idx': 7700, 'end_idx': 7769, 'score': 6.359871094668396}, {'start_idx': 7770, 'end_idx': 7839, 'score': 6.488511438228505}, {'start_idx': 7840, 'end_idx': 7909, 'score': 6.661902747231574}, {'start_idx': 7910, 'end_idx': 7979, 'score': 8.145916694040471}, {'start_idx': 8045, 'end_idx': 8114, 'score': 10.126048246010575}]",SMAP,"[[4569, 8374]]",[contextual]
2022-11-24_09.35.13,A-9,502,8174,1,0.47329732279519754,"[{'start_idx': 7980, 'end_idx': 8049, 'score': 0.8675683123360681}]",0,0,1,[],"[(8230, 8299)]",1,"[{'start_idx': 7980, 'end_idx': 8049, 'score': 0.8675683123360681}]",SMAP,"[[4569, 8433]]",[contextual]
2022-11-24_09.35.13,F-3,2620,8116,0,0.00881167660780396,[],0,1,0,[],[],1,[],SMAP,"[[5600, 5640]]",[contextual]
2022-11-24_09.35.13,M-6,1305,1789,1,0.049080035926502584,"[{'start_idx': 1565, 'end_idx': 1788, 'score': 12.114968456279435}]",0,0,1,[],"[(1815, 2038)]",1,"[{'start_idx': 1565, 'end_idx': 1788, 'score': 12.114968456279435}]",MSL,"[[1850, 2030]]",[point]
2022-11-24_09.35.13,M-1,1949,2017,1,0.05976297867924705,"[{'start_idx': 318, 'end_idx': 568, 'score': 5.209022801158492}]",1,1,0,"[[568, 818]]",[],1,"[{'start_idx': 318, 'end_idx': 568, 'score': 5.209022801158492}]",MSL,"[[1110, 2250]]",[contextual]
2022-11-24_09.35.13,M-2,1948,2017,0,0.11476574163751031,[],0,1,0,[],[],1,[],MSL,"[[1110, 2250]]",[contextual]
2022-11-24_09.35.13,S-2,666,1567,1,0.008918769053767726,"[{'start_idx': 556, 'end_idx': 817, 'score': 9.885205287553932}]",0,0,1,[],"[(806, 1067)]",1,"[{'start_idx': 556, 'end_idx': 817, 'score': 9.885205287553932}]",MSL,"[[900, 910]]",[point]
2022-11-24_09.35.13,P-10,4048,5840,1,0.018668512345283217,"[{'start_idx': 4340, 'end_idx': 4409, 'score': 11.430141373668267}, {'start_idx': 4410, 'end_idx': 4479, 'score': 12.44612677665509}, {'start_idx': 4480, 'end_idx': 4549, 'score': 10.234545698546675}, {'start_idx': 4550, 'end_idx': 4604, 'score': 8.534303253601877}]",0,0,1,[],"[(4590, 4854)]",1,"[{'start_idx': 4340, 'end_idx': 4409, 'score': 11.430141373668267}, {'start_idx': 4410, 'end_idx': 4479, 'score': 12.44612677665509}, {'start_idx': 4480, 'end_idx': 4549, 'score': 10.234545698546675}, {'start_idx': 4550, 'end_idx': 4604, 'score': 8.534303253601877}]",MSL,"[[4590, 4720]]",[point]
2022-11-24_09.35.13,T-4,2012,1957,0,0.10717455042058799,[],0,1,0,[],[],1,[],MSL,"[[1172, 1240]]",[point]
2022-11-24_09.35.13,T-5,2012,1958,1,0.005473418356153577,"[{'start_idx': 864, 'end_idx': 1131, 'score': 13.75190869341371}]",0,0,1,[],"[(1114, 1381)]",1,"[{'start_idx': 864, 'end_idx': 1131, 'score': 13.75190869341371}]",MSL,"[[1200, 1225]]",[point]
2022-11-24_09.35.13,F-7,2251,4794,2,0.17232467340904573,"[{'start_idx': 1053, 'end_idx': 1301, 'score': 4.384388370596237}, {'start_idx': 2450, 'end_idx': 2519, 'score': 4.661687165332271}, {'start_idx': 2520, 'end_idx': 2589, 'score': 4.767410215181651}]",0,1,2,[],"[(1303, 1551), (2700, 2839)]",3,"[{'start_idx': 1053, 'end_idx': 1301, 'score': 4.384388370596237}, {'start_idx': 2450, 'end_idx': 2519, 'score': 4.661687165332271}, {'start_idx': 2520, 'end_idx': 2589, 'score': 4.767410215181651}]",MSL,"[[1250, 1450], [2670, 2790], [3325, 3425]]","[contextual, contextual, contextual]"
2022-11-24_09.35.13,M-3,1777,1867,1,0.08115650380163253,"[{'start_idx': 1138, 'end_idx': 1409, 'score': 3.4732591469576413}]",0,0,1,[],"[(1388, 1659)]",1,"[{'start_idx': 1138, 'end_idx': 1409, 'score': 3.4732591469576413}]",MSL,"[[1250, 1500]]",[contextual]
2022-11-24_09.35.13,M-4,1816,1778,1,0.11958695242509403,"[{'start_idx': 1058, 'end_idx': 1331, 'score': 4.811258318996909}]",0,0,1,[],"[(1308, 1581)]",1,"[{'start_idx': 1058, 'end_idx': 1331, 'score': 4.811258318996909}]",MSL,"[[1250, 1500]]",[contextual]
2022-11-24_09.35.13,M-5,1772,2043,0,0.08295088666026842,[],0,1,0,[],[],1,[],MSL,"[[1250, 1550]]",[contextual]
2022-11-24_09.35.13,P-15,3422,2596,0,0.08633413642244284,[],0,1,0,[],[],1,[],MSL,"[[1390, 1410]]",[point]
2022-11-24_09.35.13,C-1,1898,2004,1,0.03528139009127339,"[{'start_idx': 250, 'end_idx': 523, 'score': 5.853247725570143}]",0,1,1,[],"[(500, 773)]",2,"[{'start_idx': 250, 'end_idx': 523, 'score': 5.853247725570143}]",MSL,"[[550, 750], [2100, 2210]]","[point, contextual]"
2022-11-24_09.35.13,C-2,504,1791,1,0.1321812353312952,"[{'start_idx': 0, 'end_idx': 194, 'score': 5.490214335223517}]",0,1,1,[],"[(250, 444)]",2,"[{'start_idx': 0, 'end_idx': 194, 'score': 5.490214335223517}]",MSL,"[[290, 390], [1540, 1575]]","[point, contextual]"
2022-11-24_09.35.13,T-12,885,2170,1,0.032721518034552914,"[{'start_idx': 365, 'end_idx': 602, 'score': 4.362599587734703}]",0,0,1,[],"[(615, 852)]",1,"[{'start_idx': 365, 'end_idx': 602, 'score': 4.362599587734703}]",MSL,"[[630, 750]]",[contextual]
2022-11-24_09.35.13,T-13,885,2170,0,0.019139265629839898,[],0,2,0,[],[],2,[],MSL,"[[690, 790], [1900, 2050]]","[contextual, contextual]"
2022-11-24_09.35.13,F-4,1984,3162,2,0.033797018303465556,"[{'start_idx': 2450, 'end_idx': 2519, 'score': 5.545999594071072}, {'start_idx': 2730, 'end_idx': 2799, 'score': 6.384342884332641}, {'start_idx': 2800, 'end_idx': 2869, 'score': 5.7210274562396535}]",1,0,1,"[[2980, 3119]]","[(2700, 2769)]",1,"[{'start_idx': 2450, 'end_idx': 2519, 'score': 5.545999594071072}, {'start_idx': 2730, 'end_idx': 2799, 'score': 6.384342884332641}, {'start_idx': 2800, 'end_idx': 2869, 'score': 5.7210274562396535}]",MSL,"[[2700, 2770]]",[point]
2022-11-24_09.35.13,F-5,2338,3662,1,0.018858723135693027,"[{'start_idx': 3290, 'end_idx': 3359, 'score': 14.704093273509287}, {'start_idx': 3360, 'end_idx': 3429, 'score': 13.57867365964119}, {'start_idx': 3430, 'end_idx': 3499, 'score': 11.908482478312413}, {'start_idx': 3500, 'end_idx': 3559, 'score': 9.195814972878388}]",0,0,1,[],"[(3540, 3809)]",1,"[{'start_idx': 3290, 'end_idx': 3359, 'score': 14.704093273509287}, {'start_idx': 3360, 'end_idx': 3429, 'score': 13.57867365964119}, {'start_idx': 3430, 'end_idx': 3499, 'score': 11.908482478312413}, {'start_idx': 3500, 'end_idx': 3559, 'score': 9.195814972878388}]",MSL,"[[3550, 3700]]",[point]
2022-11-24_09.35.13,D-14,3415,2365,1,0.05221126307307216,"[{'start_idx': 1544, 'end_idx': 1876, 'score': 10.851515209819526}]",0,1,1,[],"[(1794, 2126)]",2,"[{'start_idx': 1544, 'end_idx': 1876, 'score': 10.851515209819526}]",MSL,"[[1630, 1650], [1800, 2000]]","[point, point]"
2022-11-24_09.35.13,T-9,179,836,0,0.1827593717875023,[],0,2,0,[],[],2,[],MSL,"[[780, 810], [890, 970]]","[point, point]"
2022-11-24_09.35.13,P-14,2620,5840,1,0.13108562520328307,"[{'start_idx': 4340, 'end_idx': 4409, 'score': 16.658949596624872}, {'start_idx': 4410, 'end_idx': 4479, 'score': 15.432479247301751}, {'start_idx': 4480, 'end_idx': 4549, 'score': 14.358268104951753}, {'start_idx': 4550, 'end_idx': 4619, 'score': 12.129165809501801}, {'start_idx': 4620, 'end_idx': 4689, 'score': 10.99662734522435}, {'start_idx': 4690, 'end_idx': 4759, 'score': 10.2164307093785}]",0,0,1,[],"[(4590, 5009)]",1,"[{'start_idx': 4340, 'end_idx': 4409, 'score': 16.658949596624872}, {'start_idx': 4410, 'end_idx': 4479, 'score': 15.432479247301751}, {'start_idx': 4480, 'end_idx': 4549, 'score': 14.358268104951753}, {'start_idx': 4550, 'end_idx': 4619, 'score': 12.129165809501801}, {'start_idx': 4620, 'end_idx': 4689, 'score': 10.99662734522435}, {'start_idx': 4690, 'end_idx': 4759, 'score': 10.2164307093785}]",MSL,"[[4575, 4755]]",[point]
2022-11-24_09.35.13,T-8,488,1259,2,0.019821190085844567,"[{'start_idx': 536, 'end_idx': 787, 'score': 6.643188016997371}, {'start_idx': 1023, 'end_idx': 1236, 'score': 6.310698875463754}]",0,0,2,[],"[(786, 1037), (1273, 1486)]",2,"[{'start_idx': 536, 'end_idx': 787, 'score': 6.643188016997371}, {'start_idx': 1023, 'end_idx': 1236, 'score': 6.310698875463754}]",MSL,"[[870, 930], [1330, 1370]]","[contextual, contextual]"
2022-11-24_09.35.13,P-11,3709,3275,2,0.023168813327244325,"[{'start_idx': 954, 'end_idx': 1213, 'score': 3.5545007443329384}, {'start_idx': 1500, 'end_idx': 1761, 'score': 3.7709342155666006}]",0,0,2,[],"[(1204, 1463), (1750, 2011)]",2,"[{'start_idx': 954, 'end_idx': 1213, 'score': 3.5545007443329384}, {'start_idx': 1500, 'end_idx': 1761, 'score': 3.7709342155666006}]",MSL,"[[1778, 1898], [1238, 1344]]","[point, point]"
2022-11-24_09.35.13,D-15,1814,1898,0,0.14114324545775975,[],0,1,0,[],[],1,[],MSL,"[[1500, 2140]]",[point]
2022-11-24_09.35.13,D-16,1191,1931,1,0.17603436994101956,"[{'start_idx': 464, 'end_idx': 709, 'score': 5.465417545483687}]",0,0,1,[],"[(714, 959)]",1,"[{'start_idx': 464, 'end_idx': 709, 'score': 5.465417545483687}]",MSL,"[[600, 1250]]",[contextual]
2022-11-24_09.35.13,M-7,1327,1896,1,0.017097531137057025,"[{'start_idx': 612, 'end_idx': 907, 'score': 12.525035448599322}]",0,0,1,[],"[(862, 1157)]",1,"[{'start_idx': 612, 'end_idx': 907, 'score': 12.525035448599322}]",MSL,"[[940, 1040]]",[point]
2022-11-24_09.35.13,F-8,3082,2227,1,0.10387839900278262,"[{'start_idx': 1663, 'end_idx': 1985, 'score': 5.043610817693065}]",0,0,1,[],"[(1913, 2235)]",1,"[{'start_idx': 1663, 'end_idx': 1985, 'score': 5.043610817693065}]",MSL,"[[1950, 2486]]",[contextual]
